entity,year,health_expenditure_per_capita_-_total
Argentina,2004,1041.893
Argentina,2005,1173.883
Argentina,2006,1272.771
Argentina,2007,1413.069
Argentina,2008,1537.76
Argentina,2009,1643.76
Argentina,2010,1780.712
Argentina,2011,1895.262
Argentina,2012,1942.246
Argentina,2013,1955.837
Argentina,2014,1859.764
Argentina,2015,1986.572
Argentina,2016,1729.939
Argentina,2017,2037.97
Argentina,2018,1783.826
Argentina,2019,1698.412
Argentina,2020,1617.303
Australia,1971,1003.471
Australia,1972,1031.394
Australia,1973,1083.934
Australia,1974,1203.78
Australia,1975,1356.216
Australia,1976,1393.174
Australia,1977,1449.995
Australia,1978,1456.751
Australia,1979,1457.81
Australia,1980,1481.476
Australia,1981,1533.005
Australia,1982,1531.905
Australia,1983,1578.136
Australia,1984,1612.443
Australia,1985,1656.433
Australia,1986,1713.429
Australia,1987,1748.303
Australia,1988,1816.941
Australia,1989,1857.564
Australia,1990,1890.798
Australia,1991,1935.431
Australia,1992,1992.681
Australia,1993,2044.871
Australia,1994,2122.61
Australia,1995,2196.56
Australia,1996,2296.52
Australia,1997,2375.648
Australia,1998,2502.14
Australia,1999,2619.126
Australia,2000,2743.373
Australia,2001,2857.745
Australia,2002,2991.203
Australia,2003,3134.231
Australia,2004,3336.89
Australia,2005,3397.453
Australia,2006,3525.739
Australia,2007,3660.746
Australia,2008,3806.53
Australia,2009,3886.496
Australia,2010,4009.337
Australia,2011,4138.934
Australia,2012,4137.163
Australia,2013,4179.616
Australia,2014,4637.524
Australia,2015,4776.158
Australia,2016,4896.125
Australia,2017,4992.317
Australia,2018,5071.227
Australia,2019,5083.313
Australia,2020,5467.369
Australia,2021,5838.528
Australia,2022,5449.61
Austria,1970,968.116
Austria,1971,1010.34
Austria,1972,1077.016
Austria,1973,1160.894
Austria,1974,1255.338
Austria,1975,1583.249
Austria,1976,1703.393
Austria,1977,1769.085
Austria,1978,1858.553
Austria,1979,1952.923
Austria,1980,2007.86
Austria,1981,1709.473
Austria,1982,1727.029
Austria,1983,1732.642
Austria,1984,1743.721
Austria,1985,1811.867
Austria,1986,1901.259
Austria,1987,2034.801
Austria,1988,2096.17
Austria,1989,2220.363
Austria,1990,2709.38
Austria,1991,2802.374
Austria,1992,2935.349
Austria,1993,3103.495
Austria,1994,3314.695
Austria,1995,3356.609
Austria,1996,3397.157
Austria,1997,3496.897
Austria,1998,3686.417
Austria,1999,3865.454
Austria,2000,3922.568
Austria,2001,3968.92
Austria,2002,4071.034
Austria,2003,4144.123
Austria,2004,4301.619
Austria,2005,4341.386
Austria,2006,4417.409
Austria,2007,4558.6
Austria,2008,4691.891
Austria,2009,4791.647
Austria,2010,4823.752
Austria,2011,4802.025
Austria,2012,4879.844
Austria,2013,4877.253
Austria,2014,4921.109
Austria,2015,4943.516
Austria,2016,4994.509
Austria,2017,5048.819
Austria,2018,5116.377
Austria,2019,5223.387
Austria,2020,5287.385
Austria,2021,5838.001
Austria,2022,5683.874
Belgium,1970,855.881
Belgium,1971,902.114
Belgium,1972,982.797
Belgium,1973,1122.671
Belgium,1974,1169.414
Belgium,1975,1405.755
Belgium,1976,1528.036
Belgium,1977,1663.788
Belgium,1978,1753.964
Belgium,1979,1803.781
Belgium,1980,1714.911
Belgium,1981,1776.236
Belgium,1982,1864.629
Belgium,1983,1895.734
Belgium,1984,1887.355
Belgium,1985,1939.584
Belgium,1986,2070.043
Belgium,1987,2142.571
Belgium,1988,2272.191
Belgium,1989,2355.66
Belgium,1990,2438.814
Belgium,1991,2573.594
Belgium,1992,2689.028
Belgium,1993,2722.925
Belgium,1994,2730.964
Belgium,1995,2755.048
Belgium,1996,2878.678
Belgium,1997,2916.808
Belgium,1998,3027.213
Belgium,1999,3179.718
Belgium,2000,3264.102
Belgium,2001,3338.825
Belgium,2002,3454.365
Belgium,2003,3828.355
Belgium,2004,4000.011
Belgium,2005,3992.685
Belgium,2006,4002.669
Belgium,2007,4094.101
Belgium,2008,4215.434
Belgium,2009,4421.128
Belgium,2010,4446.138
Belgium,2011,4466.859
Belgium,2012,4526.452
Belgium,2013,4562.32
Belgium,2014,4638.964
Belgium,2015,4817.917
Belgium,2016,4879.136
Belgium,2017,4930.062
Belgium,2018,4998.042
Belgium,2019,5069.769
Belgium,2020,4959.216
Belgium,2021,5198.929
Belgium,2022,5200.518
Brazil,2000,953.336
Brazil,2001,974.763
Brazil,2002,1018.677
Brazil,2003,956.411
Brazil,2004,1002.265
Brazil,2005,1008.382
Brazil,2006,1072.588
Brazil,2007,1126.021
Brazil,2008,1150.926
Brazil,2009,1196.338
Brazil,2010,1220.171
Brazil,2011,1239.974
Brazil,2012,1244.551
Brazil,2013,1299.913
Brazil,2014,1357.322
Brazil,2015,1360.799
Brazil,2016,1334.801
Brazil,2017,1385.726
Brazil,2018,1403.285
Brazil,2019,1430.291
Brazil,2020,1460.723
Bulgaria,2003,796.587
Bulgaria,2004,834.352
Bulgaria,2005,894.934
Bulgaria,2006,947.357
Bulgaria,2007,984.021
Bulgaria,2008,1082.909
Bulgaria,2009,1135.35
Bulgaria,2010,1229.447
Bulgaria,2011,1296.571
Bulgaria,2012,1368.839
Bulgaria,2013,1306.659
Bulgaria,2014,1422.118
Bulgaria,2015,1436.625
Bulgaria,2016,1528.965
Bulgaria,2017,1597.685
Bulgaria,2018,1635.541
Bulgaria,2019,1696.683
Bulgaria,2020,2034.903
Bulgaria,2021,2232.605
Canada,1970,1276.731
Canada,1971,1400.057
Canada,1972,1457.012
Canada,1973,1498.034
Canada,1974,1558.981
Canada,1975,1668.831
Canada,1976,1762.431
Canada,1977,1768.755
Canada,1978,1780.16
Canada,1979,1811.396
Canada,1980,1871.709
Canada,1981,1949.154
Canada,1982,2044.793
Canada,1983,2100.621
Canada,1984,2150.282
Canada,1985,2218.614
Canada,1986,2287.982
Canada,1987,2352.269
Canada,1988,2438.825
Canada,1989,2524.289
Canada,1990,2600.196
Canada,1991,2669.854
Canada,1992,2730.925
Canada,1993,2711.031
Canada,1994,2698.321
Canada,1995,2672.904
Canada,1996,2636.037
Canada,1997,2709.356
Canada,1998,2823.738
Canada,1999,2874.955
Canada,2000,3007.375
Canada,2001,3152.335
Canada,2002,3263.498
Canada,2003,3391.756
Canada,2004,3541.106
Canada,2005,3643.872
Canada,2006,3857.096
Canada,2007,3994.891
Canada,2008,4137.03
Canada,2009,4266.407
Canada,2010,4419.747
Canada,2011,4421.042
Canada,2012,4495.806
Canada,2013,4505.53
Canada,2014,4519.204
Canada,2015,4633.159
Canada,2016,4749.982
Canada,2017,4843.318
Canada,2018,4914.716
Canada,2019,4967.721
Canada,2020,5463.847
Canada,2021,5684.725
Canada,2022,5330.794
Chile,2000,879.338
Chile,2001,903.477
Chile,2002,936.947
Chile,2003,986.973
Chile,2004,1047.952
Chile,2005,1079.674
Chile,2006,1125.019
Chile,2007,1202.663
Chile,2008,1227.674
Chile,2009,1430.035
Chile,2010,1357.868
Chile,2011,1419.095
Chile,2012,1507.854
Chile,2013,1626.813
Chile,2014,1711.599
Chile,2015,1833.552
Chile,2016,1905.661
Chile,2017,2065.677
Chile,2018,2129.104
Chile,2019,2137.651
Chile,2020,2102.721
Chile,2021,2326.994
Chile,2022,2234.293
China,2000,160.079
China,2001,162.588
China,2002,181.869
China,2003,200.712
China,2004,213.273
China,2005,230.754
China,2006,244.068
China,2007,258.101
China,2008,296.842
China,2009,360.186
China,2010,382.572
China,2011,427.785
China,2012,485.997
China,2013,539.691
China,2014,583.041
China,2015,641.134
China,2016,683.152
China,2017,736.561
China,2018,798.145
China,2019,880.918
China,2020,945.304
Colombia,2000,487.398
Colombia,2001,507.035
Colombia,2002,488.075
Colombia,2003,509.746
Colombia,2004,543.831
Colombia,2005,597.082
Colombia,2006,658.753
Colombia,2007,712.454
Colombia,2008,788.525
Colombia,2009,839.612
Colombia,2010,849.984
Colombia,2011,870.625
Colombia,2012,889.65
Colombia,2013,957.478
Colombia,2014,1003.884
Colombia,2015,1035.02
Colombia,2016,1033.149
Colombia,2017,1070.306
Colombia,2018,1091.505
Colombia,2019,1136.317
Colombia,2020,1159.401
Colombia,2021,1328.741
Colombia,2022,1272.035
Costa Rica,2000,807.644
Costa Rica,2001,803.801
Costa Rica,2002,854.214
Costa Rica,2003,880.03
Costa Rica,2004,854.352
Costa Rica,2005,866.213
Costa Rica,2006,945.004
Costa Rica,2007,1005.228
Costa Rica,2008,1090.42
Costa Rica,2009,1174.574
Costa Rica,2010,1249.23
Costa Rica,2011,1291.024
Costa Rica,2012,1292.124
Costa Rica,2013,1295.67
Costa Rica,2014,1333.9
Costa Rica,2015,1382.59
Costa Rica,2016,1381.179
Costa Rica,2017,1366.064
Costa Rica,2018,1426.988
Costa Rica,2019,1435.406
Costa Rica,2020,1473.31
Costa Rica,2021,1518.311
Costa Rica,2022,1461.377
Croatia,2003,1255.558
Croatia,2004,1363.74
Croatia,2005,1490.712
Croatia,2006,1591.78
Croatia,2007,1808.77
Croatia,2008,1909.359
Croatia,2009,1873.937
Croatia,2010,1826.184
Croatia,2011,1702.419
Croatia,2012,1655.024
Croatia,2013,1407.877
Croatia,2014,1454.201
Croatia,2015,1522.75
Croatia,2016,1612.192
Croatia,2017,1670.485
Croatia,2018,1764.219
Croatia,2019,1864.596
Croatia,2020,1942.171
Croatia,2021,2353.031
Cyprus,2003,1792.71
Cyprus,2004,1801.113
Cyprus,2005,1841.488
Cyprus,2006,1897.989
Cyprus,2007,1919.837
Cyprus,2008,2192.996
Cyprus,2009,2242.894
Cyprus,2010,2230.541
Cyprus,2011,2130.737
Cyprus,2012,2048.372
Cyprus,2013,2029.843
Cyprus,2014,2012.548
Cyprus,2015,2085.301
Cyprus,2016,2194.845
Cyprus,2017,2287.065
Cyprus,2018,2453.877
Cyprus,2019,2657.169
Cyprus,2020,2959.633
Cyprus,2021,3540.829
Czechia,1990,878.419
Czechia,1991,758.43
Czechia,1992,778.83
Czechia,1993,1081.009
Czechia,1994,1166.206
Czechia,1995,1272.907
Czechia,1996,1324.152
Czechia,1997,1317.038
Czechia,1998,1334.255
Czechia,1999,1404.921
Czechia,2000,1421.473
Czechia,2001,1531.27
Czechia,2002,1660.573
Czechia,2003,1829.63
Czechia,2004,1870.344
Czechia,2005,1959.047
Czechia,2006,1993.793
Czechia,2007,2039.443
Czechia,2008,2145.748
Czechia,2009,2357.672
Czechia,2010,2474.063
Czechia,2011,2453.807
Czechia,2012,2438.027
Czechia,2013,2422.657
Czechia,2014,2545.129
Czechia,2015,2605.889
Czechia,2016,2709.323
Czechia,2017,2783.334
Czechia,2018,2883.316
Czechia,2019,3024.66
Czechia,2020,3478.526
Czechia,2021,3777.884
Czechia,2022,3559.401
Denmark,1971,1820.143
Denmark,1972,1918.063
Denmark,1973,1955.005
Denmark,1974,2051.666
Denmark,1975,2099.485
Denmark,1976,2188.272
Denmark,1977,2170.729
Denmark,1978,2266.079
Denmark,1979,2331.053
Denmark,1980,2271.093
Denmark,1981,2278.274
Denmark,1982,2365.771
Denmark,1983,2381.615
Denmark,1984,2341.315
Denmark,1985,2440.044
Denmark,1986,2517.971
Denmark,1987,2613.233
Denmark,1988,2642.022
Denmark,1989,2618.314
Denmark,1990,2657.953
Denmark,1991,2645.543
Denmark,1992,2696.533
Denmark,1993,2787.123
Denmark,1994,2831.929
Denmark,1995,2783.681
Denmark,1996,2880.13
Denmark,1997,2926.352
Denmark,1998,2888.828
Denmark,1999,3263.515
Denmark,2000,3295.711
Denmark,2001,3448.218
Denmark,2002,3562.694
Denmark,2003,3647.674
Denmark,2004,3797.659
Denmark,2005,3954.001
Denmark,2006,4127.586
Denmark,2007,4235.141
Denmark,2008,4326.179
Denmark,2009,4527.772
Denmark,2010,4610.664
Denmark,2011,4530.184
Denmark,2012,4586.854
Denmark,2013,4537.674
Denmark,2014,4613.613
Denmark,2015,4719.382
Denmark,2016,4788.116
Denmark,2017,4830.934
Denmark,2018,4889.452
Denmark,2019,4980.584
Denmark,2020,5102.311
Denmark,2021,5511.35
Denmark,2022,5052.088
Estonia,1999,770.548
Estonia,2000,771.321
Estonia,2001,760.118
Estonia,2002,812.127
Estonia,2003,977.093
Estonia,2004,1095.135
Estonia,2005,1212.853
Estonia,2006,1293.002
Estonia,2007,1506.406
Estonia,2008,1615.269
Estonia,2009,1597.828
Estonia,2010,1562.696
Estonia,2011,1559.56
Estonia,2012,1623.242
Estonia,2013,1713.709
Estonia,2014,1815.828
Estonia,2015,1940.411
Estonia,2016,2030.575
Estonia,2017,2094.032
Estonia,2018,2204.848
Estonia,2019,2322.949
Estonia,2020,2557.038
Estonia,2021,2767.805
Estonia,2022,2549.787
Finland,1970,905.614
Finland,1971,986.353
Finland,1972,1071.828
Finland,1973,1122.324
Finland,1974,1159.006
Finland,1975,1248.346
Finland,1976,1331.145
Finland,1977,1361.342
Finland,1978,1383.626
Finland,1979,1450.056
Finland,1980,1486.966
Finland,1981,1534.871
Finland,1982,1595.128
Finland,1983,1656.742
Finland,1984,1729.895
Finland,1985,1881.107
Finland,1986,1972.485
Finland,1987,2094.102
Finland,1988,2191.284
Finland,1989,2314.015
Finland,1990,2463.679
Finland,1991,2549.404
Finland,1992,2451.574
Finland,1993,2198.032
Finland,1994,2138.488
Finland,1995,2314.113
Finland,1996,2396.402
Finland,1997,2432.196
Finland,1998,2475.078
Finland,1999,2553.613
Finland,2000,2772.219
Finland,2001,2901.562
Finland,2002,3056.9
Finland,2003,3192.421
Finland,2004,3346.994
Finland,2005,3507.854
Finland,2006,3598.026
Finland,2007,3695.19
Finland,2008,3794.943
Finland,2009,3793.862
Finland,2010,3839.263
Finland,2011,3921.543
Finland,2012,3990.47
Finland,2013,4031.569
Finland,2014,4000.191
Finland,2015,3992.493
Finland,2016,3989.822
Finland,2017,3999.575
Finland,2018,4027.918
Finland,2019,4141.861
Finland,2020,4261.464
Finland,2021,4671.623
Finland,2022,4644.606
France,1970,1029.159
France,1975,1426.784
France,1980,1787.838
France,1985,2099.197
France,1990,2558.497
France,1991,2641.308
France,1992,2723.98
France,1993,2822.029
France,1994,2864.166
France,1995,3242.846
France,1996,3269.186
France,1997,3283.918
France,1998,3367.052
France,1999,3469.801
France,2000,3526.84
France,2001,3613.812
France,2002,3763.229
France,2003,3785.368
France,2004,3879.698
France,2005,3933.151
France,2006,4070.462
France,2007,4136.373
France,2008,4188.152
France,2009,4392.678
France,2010,4430.937
France,2011,4463.562
France,2012,4499.591
France,2013,4547.409
France,2014,4630.472
France,2015,4670.174
France,2016,4737.82
France,2017,4770.115
France,2018,4761.083
France,2019,4799.531
France,2020,4822.598
France,2021,5234.485
France,2022,5248.809
Germany,1970,1406.589
Germany,1971,1580.923
Germany,1972,1713.673
Germany,1973,1848.358
Germany,1974,1978.795
Germany,1975,2144.562
Germany,1976,2255.13
Germany,1977,2319.061
Germany,1978,2444.398
Germany,1979,2468.133
Germany,1980,2529.262
Germany,1981,2592.601
Germany,1982,2524.144
Germany,1983,2559.17
Germany,1984,2666.569
Germany,1985,2793.245
Germany,1986,2919.095
Germany,1987,3018.901
Germany,1988,3175.647
Germany,1989,3006.788
Germany,1990,3111.513
Germany,1992,3281.016
Germany,1993,3234.013
Germany,1994,3397.822
Germany,1995,3571.189
Germany,1996,3705.981
Germany,1997,3714.129
Germany,1998,3821.041
Germany,1999,3905.328
Germany,2000,3996.437
Germany,2001,4039.885
Germany,2002,4137.83
Germany,2003,4198.632
Germany,2004,4155.693
Germany,2005,4235.908
Germany,2006,4313.138
Germany,2007,4399.596
Germany,2008,4508.684
Germany,2009,4740.473
Germany,2010,4840.343
Germany,2011,4859.456
Germany,2012,4909.321
Germany,2013,4992.68
Germany,2014,5129.092
Germany,2015,5299.105
Germany,2016,5431.309
Germany,2017,5591.291
Germany,2018,5718.985
Germany,2019,5913.439
Germany,2020,6216.242
Germany,2021,6505.642
Germany,2022,6448.205
Greece,1988,1150.658
Greece,1989,1314.248
Greece,1990,1321.982
Greece,1991,1315.179
Greece,1992,1427.139
Greece,1993,1570.653
Greece,1994,1752.047
Greece,1995,1792.1
Greece,1996,1817.535
Greece,1997,1860.564
Greece,1998,1896.226
Greece,1999,2003.814
Greece,2000,1904.204
Greece,2001,2182.303
Greece,2002,2341.367
Greece,2003,2551.716
Greece,2004,2550.261
Greece,2005,2686.691
Greece,2006,2736.49
Greece,2007,2862.094
Greece,2008,2978.89
Greece,2009,3048.815
Greece,2010,2964.499
Greece,2011,2529.111
Greece,2012,2274.202
Greece,2013,2113.634
Greece,2014,2005.094
Greece,2015,2122.934
Greece,2016,2188.035
Greece,2017,2128.62
Greece,2018,2155.338
Greece,2019,2219.081
Greece,2020,2349.558
Greece,2021,2494.88
Greece,2022,2524.784
Hungary,1991,1078.144
Hungary,1992,1115.689
Hungary,1993,1124.062
Hungary,1994,1236.734
Hungary,1995,1140.79
Hungary,1996,1128.701
Hungary,1997,1117.712
Hungary,1998,1219.398
Hungary,1999,1283.968
Hungary,2000,1309.579
Hungary,2001,1394.86
Hungary,2002,1541.873
Hungary,2003,1827.492
Hungary,2004,1835.248
Hungary,2005,1950.395
Hungary,2006,1982.008
Hungary,2007,1825.292
Hungary,2008,1803.945
Hungary,2009,1732.471
Hungary,2010,1800.031
Hungary,2011,1834.11
Hungary,2012,1768.771
Hungary,2013,1787.088
Hungary,2014,1843.414
Hungary,2015,1891.248
Hungary,2016,1973.286
Hungary,2017,1992.278
Hungary,2018,2070.485
Hungary,2019,2077.868
Hungary,2020,2330.736
Hungary,2021,2520.192
Hungary,2022,2393.19
Iceland,1970,785.309
Iceland,1971,1003.318
Iceland,1972,1061.412
Iceland,1973,1066.487
Iceland,1974,1270.682
Iceland,1975,1244.48
Iceland,1976,1252.054
Iceland,1977,1393.111
Iceland,1978,1609.161
Iceland,1979,1818.741
Iceland,1980,1727.29
Iceland,1981,1805.743
Iceland,1982,1922.862
Iceland,1983,1962.121
Iceland,1984,1846.756
Iceland,1985,1937.485
Iceland,1986,2260.725
Iceland,1987,2582.297
Iceland,1988,2698.818
Iceland,1989,2519.493
Iceland,1990,2439.339
Iceland,1991,2489.25
Iceland,1992,2426.875
Iceland,1993,2413.208
Iceland,1994,2438.429
Iceland,1995,2468.332
Iceland,1996,2550.712
Iceland,1997,2644.44
Iceland,1998,3098.904
Iceland,1999,3317.588
Iceland,2000,3401.022
Iceland,2001,3442.439
Iceland,2002,3656.215
Iceland,2003,3775.228
Iceland,2004,3838.245
Iceland,2005,3901.805
Iceland,2006,3919.604
Iceland,2007,4009.263
Iceland,2008,3975.77
Iceland,2009,3727.289
Iceland,2010,3547.793
Iceland,2011,3514.927
Iceland,2012,3451.812
Iceland,2013,3503.22
Iceland,2014,3560.869
Iceland,2015,3733.352
Iceland,2016,3914.152
Iceland,2017,4081.741
Iceland,2018,4196.478
Iceland,2019,4276.944
Iceland,2020,4387.166
Iceland,2021,4636.237
Iceland,2022,4377.779
India,2011,164.048
India,2012,174.149
India,2013,203.259
India,2014,204.647
India,2015,213.974
India,2016,221.66
India,2017,196.893
India,2018,201.16
India,2019,209.744
India,2020,196.81
Indonesia,2010,246.529
Indonesia,2011,277.419
Indonesia,2012,276.52
Indonesia,2013,280.904
Indonesia,2014,299.612
Indonesia,2015,307.152
Indonesia,2016,327.223
Indonesia,2017,329.789
Indonesia,2018,340.569
Indonesia,2019,353.708
Indonesia,2020,392.716
Ireland,1970,530.836
Ireland,1971,649.846
Ireland,1972,713.105
Ireland,1973,776.838
Ireland,1974,789.532
Ireland,1975,846.76
Ireland,1976,832.278
Ireland,1977,840.36
Ireland,1978,957.446
Ireland,1979,1013.684
Ireland,1980,1102.318
Ireland,1981,1045.601
Ireland,1982,1040.156
Ireland,1983,1047.977
Ireland,1984,1052.604
Ireland,1985,1088.192
Ireland,1986,1088.459
Ireland,1987,1086.836
Ireland,1988,1086.743
Ireland,1989,1098.768
Ireland,1990,1128.245
Ireland,1991,1217.98
Ireland,1992,1297.786
Ireland,1993,1367.024
Ireland,1994,1403.748
Ireland,1995,1492.996
Ireland,1996,1531.143
Ireland,1997,1670.803
Ireland,1998,1777.114
Ireland,1999,1944.542
Ireland,2000,2260.344
Ireland,2001,2589.488
Ireland,2002,2806.953
Ireland,2003,2978.251
Ireland,2004,3151.848
Ireland,2005,3489.459
Ireland,2006,3524.591
Ireland,2007,3674.953
Ireland,2008,3917.192
Ireland,2009,4267.307
Ireland,2010,4264.646
Ireland,2011,4301.879
Ireland,2012,4340.09
Ireland,2013,4244.719
Ireland,2014,4201.451
Ireland,2015,4309.173
Ireland,2016,4432.058
Ireland,2017,4538.349
Ireland,2018,4666.14
Ireland,2019,4810.376
Ireland,2020,5220.927
Ireland,2021,5396.4
Ireland,2022,5353.01
Israel,1995,1554.793
Israel,1996,1642.262
Israel,1997,1726.476
Israel,1998,1762.731
Israel,1999,1716.552
Israel,2000,1820.302
Israel,2001,1900.182
Israel,2002,1845.075
Israel,2003,1805.787
Israel,2004,1838.835
Israel,2005,1900.746
Israel,2006,1898.562
Israel,2007,1964.258
Israel,2008,1969.171
Israel,2009,2010.698
Israel,2010,2042.995
Israel,2011,2067.046
Israel,2012,2145.206
Israel,2013,2183.965
Israel,2014,2254.693
Israel,2015,2310.019
Israel,2016,2410.747
Israel,2017,2479.593
Israel,2018,2537.197
Israel,2019,2594.309
Israel,2020,2709.211
Israel,2021,2992.038
Israel,2022,2948.262
Italy,1988,2060.03
Italy,1989,2103.319
Italy,1990,2284.995
Italy,1991,2405.897
Italy,1992,2368.552
Italy,1993,2301.751
Italy,1994,2278.19
Italy,1995,2312.664
Italy,1996,2376.636
Italy,1997,2513.522
Italy,1998,2581.945
Italy,1999,2642.664
Italy,2000,2796.104
Italy,2001,2925.413
Italy,2002,2988.275
Italy,2003,2969.235
Italy,2004,3122.205
Italy,2005,3186.713
Italy,2006,3249.498
Italy,2007,3177.732
Italy,2008,3253.068
Italy,2009,3279.97
Italy,2010,3285.591
Italy,2011,3225.122
Italy,2012,3103.005
Italy,2013,3014.507
Italy,2014,3039.695
Italy,2015,3088.931
Italy,2016,3116.922
Italy,2017,3146.659
Italy,2018,3184.772
Italy,2019,3238.381
Italy,2020,3326.225
Italy,2021,3463.07
Italy,2022,3324.336
Japan,1970,876.279
Japan,1971,912.485
Japan,1972,995.537
Japan,1973,1047.808
Japan,1974,1119.3
Japan,1975,1213.055
Japan,1976,1228.098
Japan,1977,1293.081
Japan,1978,1394.3
Japan,1979,1477.341
Japan,1980,1576.499
Japan,1981,1632.684
Japan,1982,1701.138
Japan,1983,1754.756
Japan,1984,1761.693
Japan,1985,1866.125
Japan,1986,1917.699
Japan,1987,1980.165
Japan,1988,2016.452
Japan,1989,2034.459
Japan,1990,2076.524
Japan,1991,2150.448
Japan,1992,2248.761
Japan,1993,2331.639
Japan,1994,2434.63
Japan,1995,2372.599
Japan,1996,2360.19
Japan,1997,2469.388
Japan,1998,2513.192
Japan,1999,2623.705
Japan,2000,2743.482
Japan,2001,2827.47
Japan,2002,2869.357
Japan,2003,2947.926
Japan,2004,3015.52
Japan,2005,3103.422
Japan,2006,3132.228
Japan,2007,3202.328
Japan,2008,3240.373
Japan,2009,3433.473
Japan,2010,3591.725
Japan,2011,4113.839
Japan,2012,4242.314
Japan,2013,4325.866
Japan,2014,4360.78
Japan,2015,4515.556
Japan,2016,4550.328
Japan,2017,4614.764
Japan,2018,4664.726
Japan,2019,4767.422
Japan,2020,4611.2
Japan,2021,4827.076
Japan,2022,5014.375
Latvia,2000,634.238
Latvia,2001,722.622
Latvia,2002,776.848
Latvia,2003,800.741
Latvia,2004,987.3
Latvia,2005,1061.288
Latvia,2006,1190.402
Latvia,2007,1345.473
Latvia,2008,1288.878
Latvia,2009,1169.829
Latvia,2010,1169.854
Latvia,2011,1154.226
Latvia,2012,1190.798
Latvia,2013,1236.63
Latvia,2014,1294.952
Latvia,2015,1404.655
Latvia,2016,1569.689
Latvia,2017,1588.511
Latvia,2018,1734.731
Latvia,2019,1905.36
Latvia,2020,2053.303
Latvia,2021,2756.115
Latvia,2022,2787.699
Lithuania,2000,822.393
Lithuania,2001,834.714
Lithuania,2002,918.699
Lithuania,2003,1035.11
Lithuania,2004,1018.095
Lithuania,2005,1179.432
Lithuania,2006,1345.518
Lithuania,2007,1519.414
Lithuania,2008,1681.525
Lithuania,2009,1575.837
Lithuania,2010,1535.943
Lithuania,2011,1598.51
Lithuania,2012,1633.028
Lithuania,2013,1675.613
Lithuania,2014,1777.562
Lithuania,2015,1917.088
Lithuania,2016,2040.575
Lithuania,2017,2108.448
Lithuania,2018,2237.032
Lithuania,2019,2492.981
Lithuania,2020,2631.759
Lithuania,2021,2937.319
Lithuania,2022,2824.841
Luxembourg,1976,1292.33
Luxembourg,1977,1364.192
Luxembourg,1978,1521.104
Luxembourg,1979,1598.298
Luxembourg,1980,1647.045
Luxembourg,1981,1654.293
Luxembourg,1982,1632.39
Luxembourg,1983,1628.108
Luxembourg,1984,1660.274
Luxembourg,1985,1702.966
Luxembourg,1986,1842.521
Luxembourg,1987,2055.14
Luxembourg,1988,2302.962
Luxembourg,1989,2461.652
Luxembourg,1990,2630.602
Luxembourg,1991,2671.313
Luxembourg,1992,2792.183
Luxembourg,1993,2965.761
Luxembourg,1994,2976.808
Luxembourg,1995,3291.662
Luxembourg,1996,3385.716
Luxembourg,1997,3398.404
Luxembourg,1998,3549.803
Luxembourg,1999,3960.508
Luxembourg,2000,4463.226
Luxembourg,2001,4786.054
Luxembourg,2002,5147.201
Luxembourg,2003,5315.573
Luxembourg,2004,5729.376
Luxembourg,2005,5752.037
Luxembourg,2006,5822.71
Luxembourg,2007,5725.245
Luxembourg,2008,5866.341
Luxembourg,2009,6363.158
Luxembourg,2010,6369.473
Luxembourg,2011,5263.179
Luxembourg,2012,4683.55
Luxembourg,2013,4698.023
Luxembourg,2014,4785.139
Luxembourg,2015,4692.311
Luxembourg,2016,4719.129
Luxembourg,2017,4711.4
Luxembourg,2018,4831.971
Luxembourg,2019,4982.187
Luxembourg,2020,5251.286
Luxembourg,2021,5641.542
Luxembourg,2022,5545.776
Malta,2003,2001.694
Malta,2004,2008.943
Malta,2005,2206.119
Malta,2006,2279.679
Malta,2007,2223.898
Malta,2008,2198.613
Malta,2009,2169.113
Malta,2010,2298.649
Malta,2011,2412.753
Malta,2012,2565.188
Malta,2013,2821.84
Malta,2014,2996.59
Malta,2015,3215.5
Malta,2016,3305.914
Malta,2017,3498.984
Malta,2018,3557.929
Malta,2019,3922.876
Malta,2020,4130.002
Mexico,1999,709.436
Mexico,2000,748.052
Mexico,2001,803.763
Mexico,2002,836.271
Mexico,2003,952.059
Mexico,2004,1034.111
Mexico,2005,1023.081
Mexico,2006,1036.961
Mexico,2007,1068.95
Mexico,2008,1049.503
Mexico,2009,1058.915
Mexico,2010,1017.793
Mexico,2011,1005.067
Mexico,2012,1041.256
Mexico,2013,1041.839
Mexico,2014,1013.344
Mexico,2015,1062.591
Mexico,2016,1056.897
Mexico,2017,1065.553
Mexico,2018,1074.13
Mexico,2019,1077.553
Mexico,2020,1122.135
Mexico,2021,1130.251
Mexico,2022,1041.369
Netherlands,1972,1498.653
Netherlands,1973,1573.888
Netherlands,1974,1666.629
Netherlands,1975,1746.926
Netherlands,1976,1798.675
Netherlands,1977,1858.109
Netherlands,1978,1942.796
Netherlands,1979,1988.214
Netherlands,1980,1999.437
Netherlands,1981,1975.042
Netherlands,1982,2002.927
Netherlands,1983,2012.557
Netherlands,1984,2009.331
Netherlands,1985,2014.801
Netherlands,1986,2087.648
Netherlands,1987,2123.034
Netherlands,1988,2155.927
Netherlands,1989,2286.201
Netherlands,1990,2413.266
Netherlands,1991,2501.143
Netherlands,1992,2575.409
Netherlands,1993,2609.625
Netherlands,1994,2618.846
Netherlands,1995,2653.414
Netherlands,1996,2707.301
Netherlands,1997,2745.878
Netherlands,1998,3172.641
Netherlands,1999,3296.211
Netherlands,2000,3364.057
Netherlands,2001,3593.882
Netherlands,2002,3834.443
Netherlands,2003,3987.022
Netherlands,2004,4065.592
Netherlands,2005,4139.052
Netherlands,2006,4262.814
Netherlands,2007,4385.816
Netherlands,2008,4587.206
Netherlands,2009,4768.574
Netherlands,2010,4835.08
Netherlands,2011,4864.309
Netherlands,2012,4928.965
Netherlands,2013,4915.659
Netherlands,2014,4930.843
Netherlands,2015,4927.104
Netherlands,2016,5002.198
Netherlands,2017,5011.27
Netherlands,2018,5053.65
Netherlands,2019,5187.21
Netherlands,2020,5495.531
Netherlands,2021,5723.261
Netherlands,2022,5312.323
New Zealand,1970,1033.215
New Zealand,1971,1042.533
New Zealand,1972,1117.065
New Zealand,1973,1245.728
New Zealand,1974,1357.598
New Zealand,1975,1422.978
New Zealand,1976,1352.822
New Zealand,1977,1365.285
New Zealand,1978,1474.378
New Zealand,1979,1365.794
New Zealand,1980,1214.955
New Zealand,1981,1254.593
New Zealand,1982,1256.09
New Zealand,1983,1282.839
New Zealand,1984,1253.763
New Zealand,1985,1138.624
New Zealand,1986,1224.785
New Zealand,1987,1366.522
New Zealand,1988,1517.527
New Zealand,1989,1563.368
New Zealand,1990,1610.58
New Zealand,1991,1628.058
New Zealand,1992,1663.127
New Zealand,1993,1692.533
New Zealand,1994,1764.53
New Zealand,1995,1811.676
New Zealand,1996,1821.151
New Zealand,1997,1893.383
New Zealand,1998,1981.04
New Zealand,1999,2035.943
New Zealand,2000,2108.164
New Zealand,2001,2238.917
New Zealand,2002,2363.226
New Zealand,2003,2399.378
New Zealand,2004,2532.349
New Zealand,2005,2698.566
New Zealand,2006,2849.377
New Zealand,2007,2888.761
New Zealand,2008,3055.9
New Zealand,2009,3202.521
New Zealand,2010,3241.998
New Zealand,2011,3267.395
New Zealand,2012,3336.994
New Zealand,2013,3403.162
New Zealand,2014,3472.0
New Zealand,2015,3500.719
New Zealand,2016,3577.735
New Zealand,2017,3589.81
New Zealand,2018,3670.846
New Zealand,2019,3743.096
New Zealand,2020,3919.241
New Zealand,2021,4265.927
New Zealand,2022,4811.857
Norway,1970,754.265
Norway,1971,839.257
Norway,1972,938.46
Norway,1973,1015.081
Norway,1974,1060.697
Norway,1975,1174.071
Norway,1976,1252.692
Norway,1977,1344.908
Norway,1978,1500.579
Norway,1979,1439.134
Norway,1980,1504.569
Norway,1981,1537.521
Norway,1982,1582.802
Norway,1983,1672.274
Norway,1984,1664.585
Norway,1985,1739.314
Norway,1986,1808.969
Norway,1987,1881.839
Norway,1988,1891.082
Norway,1989,1864.519
Norway,1990,2179.129
Norway,1991,2293.105
Norway,1992,2344.93
Norway,1993,2359.081
Norway,1994,2403.648
Norway,1995,2494.082
Norway,1996,2642.167
Norway,1997,2985.617
Norway,1998,3190.173
Norway,1999,3373.395
Norway,2000,3533.194
Norway,2001,3678.833
Norway,2002,4015.342
Norway,2003,4105.642
Norway,2004,4233.557
Norway,2005,4370.946
Norway,2006,4475.465
Norway,2007,4688.642
Norway,2008,4867.444
Norway,2009,4956.321
Norway,2010,5004.802
Norway,2011,5147.249
Norway,2012,5296.196
Norway,2013,5368.214
Norway,2014,5530.806
Norway,2015,5726.877
Norway,2016,5749.441
Norway,2017,5776.891
Norway,2018,5844.864
Norway,2019,5953.112
Norway,2020,5967.251
Norway,2021,6210.467
Norway,2022,6239.542
Peru,2007,381.519
Peru,2008,413.517
Peru,2009,455.76
Peru,2010,488.3
Peru,2011,503.878
Peru,2012,551.568
Peru,2013,572.676
Peru,2014,601.143
Peru,2015,604.605
Peru,2016,622.615
Peru,2017,631.109
Peru,2018,678.646
Peru,2019,680.689
Peru,2020,738.607
Poland,1990,567.588
Poland,1991,548.328
Poland,1992,573.211
Poland,1993,601.506
Poland,1994,624.24
Poland,1995,656.571
Poland,1996,734.966
Poland,1997,756.578
Poland,1998,782.462
Poland,1999,885.673
Poland,2000,882.346
Poland,2001,953.21
Poland,2002,1031.852
Poland,2003,1048.48
Poland,2004,1091.498
Poland,2005,1122.763
Poland,2006,1190.986
Poland,2007,1304.405
Poland,2008,1468.184
Poland,2009,1572.946
Poland,2010,1577.94
Poland,2011,1586.912
Poland,2012,1590.632
Poland,2013,1659.168
Poland,2014,1693.712
Poland,2015,1818.883
Poland,2016,1935.106
Poland,2017,2034.203
Poland,2018,2056.189
Poland,2019,2213.542
Poland,2020,2202.632
Poland,2021,2339.77
Poland,2022,2488.808
Portugal,1970,252.321
Portugal,1971,293.999
Portugal,1972,403.508
Portugal,1973,481.899
Portugal,1974,500.583
Portugal,1975,620.032
Portugal,1976,622.716
Portugal,1977,582.724
Portugal,1978,620.447
Portugal,1979,605.625
Portugal,1980,731.278
Portugal,1981,759.196
Portugal,1982,784.209
Portugal,1983,737.035
Portugal,1984,720.868
Portugal,1985,823.077
Portugal,1986,1003.98
Portugal,1987,1038.447
Portugal,1988,1162.834
Portugal,1989,1118.994
Portugal,1990,1167.562
Portugal,1991,1314.525
Portugal,1992,1377.909
Portugal,1993,1400.605
Portugal,1994,1436.208
Portugal,1995,1646.104
Portugal,1996,1743.076
Portugal,1997,1807.9
Portugal,1998,1898.569
Portugal,1999,2034.805
Portugal,2000,2350.691
Portugal,2001,2376.655
Portugal,2002,2434.36
Portugal,2003,2493.364
Portugal,2004,2639.802
Portugal,2005,2681.32
Portugal,2006,2636.059
Portugal,2007,2673.392
Portugal,2008,2750.652
Portugal,2009,2882.594
Portugal,2010,2879.56
Portugal,2011,2717.303
Portugal,2012,2576.386
Portugal,2013,2528.338
Portugal,2014,2552.361
Portugal,2015,2635.561
Portugal,2016,2735.426
Portugal,2017,2805.527
Portugal,2018,2927.606
Portugal,2019,3061.136
Portugal,2020,3129.934
Portugal,2021,3466.606
Portugal,2022,3480.329
Romania,2003,581.96
Romania,2004,670.744
Romania,2005,740.08
Romania,2006,772.104
Romania,2007,892.985
Romania,2008,1024.358
Romania,2009,1026.156
Romania,2010,1042.288
Romania,2011,872.353
Romania,2012,896.818
Romania,2013,1038.531
Romania,2014,1048.101
Romania,2015,1087.328
Romania,2016,1153.627
Romania,2017,1306.358
Romania,2018,1500.001
Romania,2019,1632.057
Romania,2020,1747.779
Romania,2021,1940.85
Slovakia,1997,1056.395
Slovakia,1998,1069.827
Slovakia,1999,1044.143
Slovakia,2000,1026.168
Slovakia,2001,1063.91
Slovakia,2002,1158.988
Slovakia,2003,1194.816
Slovakia,2004,1471.091
Slovakia,2005,1587.991
Slovakia,2006,1752.916
Slovakia,2007,2009.143
Slovakia,2008,2020.305
Slovakia,2009,2143.457
Slovakia,2010,2191.811
Slovakia,2011,2096.903
Slovakia,2012,2144.471
Slovakia,2013,2126.45
Slovakia,2014,1999.429
Slovakia,2015,2059.132
Slovakia,2016,2154.288
Slovakia,2017,2136.062
Slovakia,2018,2183.357
Slovakia,2019,2318.275
Slovakia,2020,2309.377
Slovakia,2021,2621.165
Slovakia,2022,2581.432
Slovenia,2000,1858.616
Slovenia,2001,1939.13
Slovenia,2002,2044.836
Slovenia,2003,2126.006
Slovenia,2004,2174.38
Slovenia,2005,2252.783
Slovenia,2006,2315.024
Slovenia,2007,2373.372
Slovenia,2008,2530.287
Slovenia,2009,2566.892
Slovenia,2010,2532.062
Slovenia,2011,2527.932
Slovenia,2012,2488.64
Slovenia,2013,2468.484
Slovenia,2014,2487.394
Slovenia,2015,2579.281
Slovenia,2016,2666.919
Slovenia,2017,2689.308
Slovenia,2018,2832.163
Slovenia,2019,3001.683
Slovenia,2020,3187.211
Slovenia,2021,3414.018
Slovenia,2022,3286.08
South Africa,2011,1136.278
South Africa,2012,1139.604
South Africa,2013,1160.833
South Africa,2014,1121.941
South Africa,2015,1151.605
South Africa,2016,1151.063
South Africa,2017,1140.722
South Africa,2018,1151.69
South Africa,2019,1168.778
South Africa,2020,1148.156
South Korea,1970,94.156
South Korea,1971,85.804
South Korea,1972,83.559
South Korea,1973,81.419
South Korea,1974,73.922
South Korea,1975,113.041
South Korea,1976,128.365
South Korea,1977,132.665
South Korea,1978,157.672
South Korea,1979,217.924
South Korea,1980,225.111
South Korea,1981,242.478
South Korea,1982,256.752
South Korea,1983,279.962
South Korea,1984,292.032
South Korea,1985,314.237
South Korea,1986,340.444
South Korea,1987,371.359
South Korea,1988,432.556
South Korea,1989,522.811
South Korea,1990,562.628
South Korea,1991,577.186
South Korea,1992,621.313
South Korea,1993,640.547
South Korea,1994,647.107
South Korea,1995,704.768
South Korea,1996,782.284
South Korea,1997,791.303
South Korea,1998,769.312
South Korea,1999,862.649
South Korea,2000,906.454
South Korea,2001,1033.958
South Korea,2002,1032.032
South Korea,2003,1128.535
South Korea,2004,1172.624
South Korea,2005,1282.878
South Korea,2006,1408.354
South Korea,2007,1522.259
South Korea,2008,1619.579
South Korea,2009,1772.205
South Korea,2010,1947.717
South Korea,2011,1991.796
South Korea,2012,2054.887
South Korea,2013,2151.355
South Korea,2014,2293.278
South Korea,2015,2465.926
South Korea,2016,2656.41
South Korea,2017,2810.438
South Korea,2018,3031.268
South Korea,2019,3316.783
South Korea,2020,3372.837
South Korea,2021,3944.446
South Korea,2022,4223.628
Spain,1970,465.075
Spain,1971,547.559
Spain,1972,621.507
Spain,1973,650.254
Spain,1974,729.383
Spain,1975,762.122
Spain,1976,864.689
Spain,1977,923.914
Spain,1978,946.408
Spain,1979,931.861
Spain,1980,936.76
Spain,1981,938.647
Spain,1982,958.214
Spain,1983,993.738
Spain,1984,975.956
Spain,1985,976.383
Spain,1986,1012.9
Spain,1987,1085.072
Spain,1988,1276.736
Spain,1989,1367.496
Spain,1990,1508.123
Spain,1991,1594.648
Spain,1992,1692.904
Spain,1993,1733.283
Spain,1994,1737.098
Spain,1995,1820.082
Spain,1996,1875.293
Spain,1997,1902.499
Spain,1998,1980.995
Spain,1999,2072.246
Spain,2000,2122.535
Spain,2001,2193.464
Spain,2002,2259.606
Spain,2003,2559.89
Spain,2004,2637.894
Spain,2005,2734.973
Spain,2006,2847.554
Spain,2007,2932.442
Spain,2008,3043.115
Spain,2009,3175.834
Spain,2010,3130.52
Spain,2011,3054.155
Spain,2012,2914.989
Spain,2013,2840.593
Spain,2014,2883.152
Spain,2015,3019.529
Spain,2016,3053.918
Spain,2017,3130.828
Spain,2018,3197.016
Spain,2019,3296.513
Spain,2020,3450.01
Spain,2021,3641.873
Spain,2022,3632.969
Sweden,1970,1396.88
Sweden,1971,1504.548
Sweden,1972,1569.034
Sweden,1973,1613.588
Sweden,1974,1712.872
Sweden,1975,1888.095
Sweden,1976,1997.921
Sweden,1977,2171.047
Sweden,1978,2174.853
Sweden,1979,2221.426
Sweden,1980,2333.211
Sweden,1981,2301.661
Sweden,1982,2309.27
Sweden,1983,2299.217
Sweden,1984,2337.211
Sweden,1985,2252.787
Sweden,1986,2271.086
Sweden,1987,2353.482
Sweden,1988,2389.478
Sweden,1989,2481.663
Sweden,1990,2504.186
Sweden,1991,2406.023
Sweden,1992,2431.203
Sweden,1993,2348.935
Sweden,1994,2295.383
Sweden,1995,2359.68
Sweden,1996,2441.378
Sweden,1997,2440.764
Sweden,1998,2574.817
Sweden,1999,2667.798
Sweden,2000,2790.724
Sweden,2001,3033.381
Sweden,2002,3179.618
Sweden,2003,3245.695
Sweden,2004,3274.567
Sweden,2005,3342.849
Sweden,2006,3443.949
Sweden,2007,3534.601
Sweden,2008,3592.131
Sweden,2009,3667.61
Sweden,2010,3639.65
Sweden,2011,4632.172
Sweden,2012,4702.303
Sweden,2013,4777.724
Sweden,2014,4880.42
Sweden,2015,5004.13
Sweden,2016,5070.4
Sweden,2017,5091.078
Sweden,2018,5177.359
Sweden,2019,5184.229
Sweden,2020,5255.061
Sweden,2021,5506.738
Sweden,2022,5309.833
Switzerland,1970,1726.937
Switzerland,1971,1906.257
Switzerland,1972,1978.823
Switzerland,1973,2037.071
Switzerland,1974,2134.416
Switzerland,1975,2266.888
Switzerland,1976,2337.908
Switzerland,1977,2379.832
Switzerland,1978,2464.558
Switzerland,1979,2497.587
Switzerland,1980,2569.975
Switzerland,1981,2622.243
Switzerland,1982,2664.427
Switzerland,1983,2790.602
Switzerland,1984,2789.463
Switzerland,1985,3078.976
Switzerland,1986,3242.403
Switzerland,1987,3374.45
Switzerland,1988,3507.47
Switzerland,1989,3650.721
Switzerland,1990,3698.325
Switzerland,1991,3907.845
Switzerland,1992,3965.16
Switzerland,1993,3960.514
Switzerland,1994,4087.913
Switzerland,1995,3979.623
Switzerland,1996,4117.326
Switzerland,1997,4167.08
Switzerland,1998,4323.113
Switzerland,1999,4431.358
Switzerland,2000,4543.22
Switzerland,2001,4769.968
Switzerland,2002,4944.481
Switzerland,2003,5035.696
Switzerland,2004,5172.537
Switzerland,2005,5191.861
Switzerland,2006,5151.272
Switzerland,2007,5256.996
Switzerland,2008,5375.368
Switzerland,2009,5561.899
Switzerland,2010,5563.512
Switzerland,2011,5678.678
Switzerland,2012,5779.036
Switzerland,2013,5962.55
Switzerland,2014,6029.355
Switzerland,2015,6258.916
Switzerland,2016,6408.625
Switzerland,2017,6396.715
Switzerland,2018,6345.23
Switzerland,2019,6548.326
Switzerland,2020,6705.251
Switzerland,2021,7020.862
Switzerland,2022,6927.356
Turkey,1975,186.409
Turkey,1976,165.256
Turkey,1977,219.9
Turkey,1978,234.44
Turkey,1979,230.99
Turkey,1980,224.133
Turkey,1981,255.898
Turkey,1982,214.683
Turkey,1983,226.808
Turkey,1984,225.477
Turkey,1985,165.606
Turkey,1986,223.331
Turkey,1987,223.362
Turkey,1988,259.654
Turkey,1989,266.808
Turkey,1990,302.997
Turkey,1991,336.89
Turkey,1992,341.535
Turkey,1993,359.242
Turkey,1994,320.721
Turkey,1995,306.849
Turkey,1996,395.516
Turkey,1997,448.202
Turkey,1998,499.599
Turkey,1999,604.858
Turkey,2000,651.767
Turkey,2001,673.833
Turkey,2002,726.726
Turkey,2003,748.981
Turkey,2004,806.033
Turkey,2005,853.959
Turkey,2006,943.153
Turkey,2007,991.401
Turkey,2008,994.128
Turkey,2009,985.811
Turkey,2010,965.312
Turkey,2011,987.092
Turkey,2012,971.765
Turkey,2013,1025.461
Turkey,2014,1046.599
Turkey,2015,1040.108
Turkey,2016,1117.572
Turkey,2017,1155.621
Turkey,2018,1178.464
Turkey,2019,1229.871
Turkey,2020,1335.144
Turkey,2021,1549.98
Turkey,2022,1653.348
United Kingdom,1970,609.489
United Kingdom,1971,630.541
United Kingdom,1972,669.59
United Kingdom,1973,697.534
United Kingdom,1974,767.818
United Kingdom,1975,811.758
United Kingdom,1976,834.505
United Kingdom,1977,835.515
United Kingdom,1978,875.17
United Kingdom,1979,898.188
United Kingdom,1980,957.597
United Kingdom,1981,989.966
United Kingdom,1982,968.471
United Kingdom,1983,1039.724
United Kingdom,1984,1039.341
United Kingdom,1985,1057.599
United Kingdom,1986,1088.991
United Kingdom,1987,1157.442
United Kingdom,1988,1207.964
United Kingdom,1989,1243.553
United Kingdom,1990,1259.373
United Kingdom,1991,1311.223
United Kingdom,1992,1409.1
United Kingdom,1993,1470.658
United Kingdom,1994,1531.474
United Kingdom,1995,1549.741
United Kingdom,1996,1578.592
United Kingdom,1997,1999.844
United Kingdom,1998,2092.227
United Kingdom,1999,2203.37
United Kingdom,2000,2315.664
United Kingdom,2001,2479.73
United Kingdom,2002,2671.792
United Kingdom,2003,2817.149
United Kingdom,2004,2972.583
United Kingdom,2005,3069.162
United Kingdom,2006,3158.371
United Kingdom,2007,3300.055
United Kingdom,2008,3349.489
United Kingdom,2009,3473.197
United Kingdom,2010,3515.102
United Kingdom,2011,3492.072
United Kingdom,2012,3551.593
United Kingdom,2013,3628.428
United Kingdom,2014,3720.638
United Kingdom,2015,3794.577
United Kingdom,2016,3841.793
United Kingdom,2017,3870.447
United Kingdom,2018,3963.948
United Kingdom,2019,4104.451
United Kingdom,2020,4443.973
United Kingdom,2021,4826.027
United Kingdom,2022,4551.586
United States,1970,1666.08
United States,1971,1744.019
United States,1972,1865.435
United States,1973,1956.857
United States,1974,2003.167
United States,1975,2093.309
United States,1976,2259.778
United States,1977,2411.792
United States,1978,2513.221
United States,1979,2593.629
United States,1980,2671.319
United States,1981,2817.805
United States,1982,2976.594
United States,1983,3117.887
United States,1984,3286.207
United States,1985,3461.278
United States,1986,3605.096
United States,1987,3734.301
United States,1988,3995.55
United States,1989,4225.526
United States,1990,4478.595
United States,1991,4678.896
United States,1992,4864.854
United States,1993,5030.545
United States,1994,5144.995
United States,1995,5264.967
United States,1996,5370.393
United States,1997,5497.475
United States,1998,5681.1
United States,1999,5862.692
United States,2000,6079.524
United States,2001,6412.631
United States,2002,6877.728
United States,2003,7246.686
United States,2004,7484.33
United States,2005,7696.982
United States,2006,7915.234
United States,2007,8110.043
United States,2008,8105.268
United States,2009,8415.489
United States,2010,8506.66
United States,2011,8505.433
United States,2012,8629.069
United States,2013,8675.903
United States,2014,8949.265
United States,2015,9360.496
United States,2016,9634.001
United States,2017,9769.038
United States,2018,9933.547
United States,2019,10168.64
United States,2020,11031.29
United States,2021,10837.454
United States,2022,10331.449
